{
    "loss": 16.089738845825195,
    "accuracy": 0.4292929172515869
}