{
    "loss": 15.703478813171387,
    "accuracy": 0.4461279511451721
}