{
    "loss": 12.113570213317871,
    "accuracy": 0.5043771266937256
}